[
	{
		"nombre": "aguacate",
		"precio": 5,
		"disponible": 30,
		"ruta": "img/aguacate.jpg"
	},
	{
		"nombre": "ajo",
		"precio": 6,
		"disponible": 20,
		"ruta": "img/ajo.jpg"
	},
	{
		"nombre": "almendras",
		"precio": 4,
		"disponible": 60,
		"ruta": "img/almendras.jpg"	
	},
	{
		"nombre": "arandanos",
		"precio": 1,
		"disponible": 25,
		"ruta": "img/arandanos.jpg"
	},
	{
		"nombre": "brocoli",
		"precio": 6,
		"disponible": 67,
		"ruta": "img/brocoli.png"
	},
	{
		"nombre": "calabaza",
		"precio": 8,
		"disponible": 254,
		"ruta": "img/calabaza.jpg"
	},
	{
		"nombre": "canela",
		"precio": 1,
		"disponible": 31,
		"ruta": "img/canela.jpg"
	},
	{
		"nombre": "cebolla",
		"precio": 9,
		"disponible": 64,
		"ruta": "img/cebolla.jpg"
	},
	{
		"nombre": "fresa",
		"precio": 6,
		"disponible": 11,
		"ruta": "img/fresa.jpg"
	},
	{
		"nombre": "kiwi",
		"precio": 8,
		"disponible": 81,
		"ruta": "img/kiwi.jpg"
	},
	{
		"nombre": "limon",
		"precio": 5,
		"disponible": 77,
		"ruta": "img/limon.jpg"
	},
	{
		"nombre": "lychee",
		"precio": 3,
		"disponible": 89,
		"ruta": "img/lychee.jpg"
	},
	{
		"nombre": "maiz",
		"precio": 3,
		"disponible": 44,
		"ruta": "img/maiz.jpg"
	},
	{
		"nombre": "manzana",
		"precio": 8,
		"disponible": 90,
		"ruta": "img/manzana.jpg"
	},
	{
		"nombre": "naranja",
		"precio": 7,
		"disponible": 55,
		"ruta": "img/naranja.jpg"
	},
	{
		"nombre": "papa",
		"precio": 12,
		"disponible": 10,
		"ruta": "img/papa.jpg"
	},
	{
		"nombre": "pasta",
		"precio": 9,
		"disponible": 98,
		"ruta": "img/pasta.jpg"
	},
	{
		"nombre": "pimienta",
		"precio": 8,
		"disponible": 78,
		"ruta": "img/pimienta.jpg"
	},
	{
		"nombre": "repollo",
		"precio": 5,
		"disponible": 11,
		"ruta": "img/repollo.jpg"
	},
	{
		"nombre": "tomate",
		"precio": 7,
		"disponible": 55,
		"ruta": "img/tomate.jpg"
	},
	{
		"nombre": "zanahoria",
		"precio":6,
		"disponible": 55,
		"ruta": "img/zanahoria.jpg"
	}
]